Feature1,Feature2,Feature3,Target
0.28042290973814027,0.6036701349768175,-0.7377001238675717,-52.125036629755314
1.2447234118621469,0.7814789187525099,-0.018016320324582297,-1.4769483131441212
0.10394297626455558,-0.9338482271056611,0.5744068878468975,40.87440425833845
0.7770019827287326,0.41256454624639405,0.6958723480626411,49.38144035604387
0.6075661155162541,1.3950027302549586,-0.047306330375112136,-3.182884523235442
-0.45389414477564294,1.2078454316378247,-0.07621135501719868,-5.384733533400213
-0.5105818491439725,-0.8789729374051589,-1.5863911407309772,-112.35474787709914
0.12913676937834162,1.1577829616962936,0.6641830883336112,47.043655653563405
-0.35444953203702884,-0.34699456658577105,0.5522278062976494,39.271587323713256
0.1720547239217878,-2.6228274986109863,-0.40250084687291926,-28.450720592850846
-0.5177703594191948,0.26668036132193135,-2.0141454520774884,-142.53343880473437
0.4121591605163413,0.3727982731955727,-0.5580013438502851,-39.65466608698463
-0.7833457215516497,0.27889753350348706,0.7193239334336002,51.25903040444147
-1.8464832452090782,-0.88145261768794,0.3147012514122023,22.16474311766931
1.022248612570992,-2.009188119873037,0.605024126557117,43.10048211513558
-0.5556102359300555,0.7193601690367326,-0.528096812096078,-37.41456922369293
0.012199451434721611,-0.29322721432539484,-0.3709935043648371,-26.434673181160296
-0.7965357879926385,-0.028868906384376343,-0.22864540502432104,-16.338677627338132
-2.239409565578232,0.9918512297680724,0.8662550153587384,61.35841408676472
1.4593174751516065,0.5343674415151694,0.2265759577858303,16.076130157452972
-0.26541985969745524,-1.617006013507812,-0.5121777311755766,-36.21869009312401
-0.08924639506014417,0.2805387104980068,0.39752208359690083,28.062654688606273
-0.8326115551890608,-0.5782750474514613,-1.2529260657342745,-88.6889614394229
0.500125660523346,0.8442646326936009,0.7087772276461028,50.17669476092461
0.023342069150087387,-0.2615461761580004,0.2537809052972755,18.019007487457774
-1.407131307542588,-0.33497766889799,-0.10071857408876453,-7.136449943208037
-0.10665466256734638,-0.21458695459451477,0.3770006692962112,26.787525210012316
-0.7699403384259915,-0.23588728906113726,-0.5351283550769327,-37.927519009421516
-0.03866933688349578,-0.2155114414482272,0.8089472658321929,57.27556750926257
-1.4839440622291074,1.0386639651348932,0.22473995158887725,15.937836911068105
1.747574294520948,0.46506456127666224,-1.5276200560741848,-108.36506221914026
1.0595490329532822,0.18414792100077743,-0.22927660821427648,-16.454071652623412
0.33709010087745694,-1.228225133714737,-0.43323084494825653,-30.693922660918542
0.8055087230918504,-0.9797668255799615,-0.3868734457926777,-27.522651203354133
0.2584604342376415,-0.718869669385906,0.9892328755927261,70.0779456716326
-0.4949960605642969,-1.1941641850859113,-0.7305130333620002,-51.73757716114315
1.8012426112215334,0.42604659709400994,-0.7000824515103575,-49.52191199698786
-1.3022573741691865,-0.22429481366814452,-1.155273696948015,-81.88154910208168
0.4459983945941915,-0.6189952486962503,1.9379850127976543,137.38293893640784
0.006144842105193356,-1.5346906094151251,2.0060427745507408,142.25955632584754
2.1776435684111894,0.48633437404311497,-0.03873399333463189,-2.871533741845254
-0.3356698014642546,0.48406186765438125,0.5458432990005179,38.94305992961815
0.4910774696301253,-1.1002664694055162,0.12873061960568144,9.192659646618857
-1.2906226117359396,-0.05526337301606838,-0.3226212663273857,-22.862194902028236
0.9063234183482789,0.32762541331947825,-1.208972598095582,-85.64299242760147
0.03789701130727411,1.2712767094497297,-0.909690497937391,-64.50995143805137
-0.3356859277479066,-0.8328386206865084,0.4591872581760332,32.53568930541317
-1.1642086894325152,0.031626277195801474,-1.6737077578709727,-118.88009220075217
0.21371266876449804,1.4137473715015698,0.6594628879122123,46.81802322144269
1.0044099806934608,-0.36951340221006274,-0.11572677806554323,-8.057710484909853
1.4603460729927813,0.5484810169918124,0.7395355582175278,52.26505670162302
-0.9872183268173637,1.2215722082953435,0.800089920171305,56.65314563829939
-1.861969474383842,-0.09679478112948385,-0.6572715342252853,-46.664888977871506
-1.2383266178672718,1.163308069726502,-0.33405240352219556,-23.87178083180737
-0.09062206971385796,-1.7702419987288631,1.257734199357619,89.12495422948214
1.7000822171863998,1.765682452959246,-0.43153238937373106,-30.623784641920896
-1.447984842801041,2.504876576185696,-1.9288055064009177,-136.66169427634892
-0.569685775990816,0.18191765270626514,-0.9778563745680316,-69.42564560418046
-0.2511666416074677,1.870997640011619,-0.12995760787599456,-9.219810863538482
0.7651633365479868,-0.2492212021364505,-0.43610129845758505,-30.955819038100014
0.32564944545819524,-0.3164710096008308,-0.5198898248799387,-36.847265456561885
2.2840074638244854,0.242582188345799,0.20480471951025656,14.381466385528924
0.1572983442094749,-0.721427170032564,0.5116156876306157,35.988556854724415
-1.3381831141461333,0.21128526523699487,-0.21188559831240625,-14.9545138257055
1.5441883240444776,-0.22803399575670127,0.05032287350451836,3.511462185219615
0.9127371415859103,-0.15511135769611165,-0.021745984301663135,-1.4779920687591825
1.4666052494006339,-0.9034693465070652,0.21818728500669063,15.327577968668297
0.20922651179378532,1.2040744163217894,0.32568534619970335,23.138940625622272
1.96768365528294,-0.1645356501419102,-1.533279007820256,-108.66245794815174
0.5060442329100349,2.177535098748206,-0.513980072106812,-36.23211693358537
0.039631940741354496,1.2583264467477706,1.3527041675846134,95.87679520352718
-1.794870959756778,-1.0504586486851015,-0.4850699900781713,-34.255262409909015
0.6322231591870459,1.345305472177266,0.5001338475051353,35.42264315407052
2.0229883284283936,0.4469835828412471,2.1815552182227753,154.66505565654745
1.9379233554747257,-1.056088786778175,-0.9744335960974213,-69.09899888995929
1.2149657110395586,0.6110140321551116,1.088251104191232,77.14168670299941
-0.3931510668012953,-0.23047088462518384,0.7171595610888525,50.83911556111715
0.020804629150901883,0.8826413548956192,-1.1241508965565312,-79.82071857500803
1.322146757352615,1.1082787395000466,0.373836307115027,26.53030231037088
-0.053100698800639536,-0.06584480277599751,-1.950856667082848,-138.3787035708606
0.8893438713425322,-0.12588621904390151,-0.9999464309281989,-70.7605194601813
-0.7538973514155288,-0.4317397305087996,0.964145020907426,68.32869248972317
1.5193269798114872,0.8672597607830074,-1.4423871142144618,-102.35090501598383
-1.5570505123238196,-1.2702709272791672,-1.9211995990922341,-136.0626903714972
1.6024470578266623,1.3539577437176409,-1.809685176071885,-128.13976258667876
1.5173803858865567,0.39190723643825076,0.8313847560319961,58.95005658709465
-0.20179862895005585,-0.8932959746549323,0.52750413041975,37.40796984066147
1.6973995353940445,-2.1349744120216063,0.7996869356254712,56.772040071144154
-0.8031296976220872,-2.8603648413854312,0.11113013428764952,7.984353664166421
0.3009212022021303,-0.7640008533140726,-0.11381705568195263,-7.974133908950996
1.9156489831280177,-0.9402956018765984,-1.5438089729377893e-05,0.10877076099718806
0.22684982449463675,-0.20145106313201316,1.2863570299197842,91.31520917928816
-1.8278863694148724,1.8102747652657376,0.38787467880355336,27.38799590868824
0.4036580941894725,-1.2204007201855762,-0.8136470389419456,-57.807053658111485
-1.252216793636504,-1.4549443170788001,0.010215806430880322,0.5488849771468964
-0.3487254185407473,0.8720511583456921,-0.22740952229390762,-16.07054487260858
-1.3808117406449434,-0.01003165589184539,0.493148934471502,34.962501484964356
0.24002408001221867,-0.9327281494280777,0.21623538262895767,15.08591419343283
-0.13931472523915805,1.1129713087589321,-0.7567909640147289,-53.4803645503275
-1.4996472440013433,-0.21217695610844775,0.3197793531776671,22.626557556779936
0.406978509159696,0.943839445259427,-2.0024312098585417,-142.04350927562763
-0.5671412299604227,0.19026443345945757,0.16542945323250827,11.72696968683646
2.154592599468322,-0.5594258504458933,0.508968673565608,36.14984937021121
-1.450339884100748,-1.0516514461833069,-0.011594569317868128,-0.9349605783923196
0.189678666965023,-0.16540998458204373,-1.575770481233053,-111.65710045635603
1.910631570087011,0.5099025174284165,-1.326481195058827,-94.0134172771407
0.7114301793269396,-1.1921746112913794,0.4226927861533998,29.99523778273572
-0.43099612606583665,-1.4213568005353339,0.10545295342250063,7.557776498581816
-3.058015266456653,-0.05778080010317399,0.5053622393240986,35.81306768616604
-0.3899953439988534,-1.362110435555074,-0.6600977996717619,-46.811301532234616
-1.2854104176898669,0.5768262755301756,1.1971105896572924,84.96385256256193
0.22169180924023557,-1.2968262415591332,0.35424524136746977,25.038975472033556
0.5291140641258804,-1.503435016457271,-0.4302917389430766,-30.632417191626296
-0.9986334534572601,0.041949982055579184,-1.0515335937546686,-74.58247318115019
0.9554269534488031,1.4979154733891515,-0.7761720975475426,-55.17546693824109
-0.7055159290175448,1.6415224984522412,-1.4981012358362853,-106.10514027813308
-0.6494428488192112,-0.28457793795520636,-0.8627343383728756,-61.11946364765317
1.5379917138762522,-0.3520393484531831,-0.4337959019296337,-30.826999491306548
-1.5791135308183744,0.6589401780286147,-0.48956178193286143,-34.62944156398586
-0.18948758852769426,-0.022120506218287088,0.7175481681425943,50.90063711455619
1.155142821445423,-0.9994545140127555,-0.8062615535873775,-57.11707862807698
-0.5859400928902994,-0.940281357852599,0.550322088441034,39.000700988662835
0.993655167531753,-0.23710476049242954,-1.5498584017757997,-109.88333892212961
1.2857285533264526,-0.9032759669938201,-0.49342947739223414,-34.99288671102928
-1.0034808602066996,-0.22729406860019422,-1.3039135864322497,-92.55404566946288
0.2565996569247331,-0.6132664244922669,-0.0550216213605094,-3.939006610198743
-0.7263801752546395,-0.871676590196135,-0.6350467771175476,-45.182434446270655
-0.34501268995038054,-0.8433341729871877,1.1230955279206685,79.66843203429997
0.5123813135666015,-0.8638712349053559,-0.2756863881998809,-19.544410751577605
0.5718278924245277,1.8903447335459762,0.5964417348218086,42.269796820744496
1.0943329969400013,1.3802926036058727,-0.050701788431581796,-3.4649807151378553
0.2555159473611396,-0.2039995758853951,0.05261154142236529,3.7367365539291613
-0.556420258634713,0.15183790286415988,2.576050389593386,182.41052319490873
0.6306611541608569,-0.2725889582793183,0.47033983815903685,33.282141049386674
-0.8521036391009931,0.49958743644258546,0.006062617766832723,0.46513801481091815
-0.6636593339625422,1.3492229848078636,-1.2775854987502107,-90.5988289357649
-0.7608243983320754,0.5546942126133493,0.9542474081646137,67.90291189039903
-1.0830254530393622,1.9210046230703475,-1.1575359871947437,-82.08781744369156
-0.16560251000069354,0.9086714470334147,2.4568632833926443,174.2200644406725
0.39903786194939217,1.2214926585756645,2.1470094988674413,152.5012090055144
0.14894916913540945,0.33156422405672475,-1.8875397320313887,-133.72792560650586
0.9596426383337106,-0.21599276339216397,-0.901531686442256,-63.968792424656485
0.10931401800806123,1.6213763256865459,-1.2348246156013813,-87.75015075608108
-0.318760960365474,-0.4143083534590075,2.087688117124466,148.06173906500388
-1.2815908968896779,0.7380209999026862,0.7018913988345362,49.784771296932995
0.6385875136235472,0.84094892715307,0.1892731843103687,13.283611298137483
-0.41133534126467003,-1.5176574040520951,1.5683550759791922,111.20704111157642
0.12315200438193721,-0.07024087011108614,-0.012767748167134762,-0.9759697685248101
1.1643205118187925,-0.4533742081020768,-0.9370177452434321,-66.34899612759455
-1.3182600288479547,0.8041311642068719,1.2450695374890555,88.30741228605129
0.7786133485110328,-0.8547722149287426,1.210648577293524,85.70387175102356
0.7738954167243821,-0.2492513755133572,-0.32401371534791945,-23.007503204653368
1.6243444850444924,1.1822057287645755,1.5738926420621853,111.46229199543765
0.3715926766950398,0.4317457727812619,0.1330249154765961,9.375565142519632
1.6579042781526525,0.18757287416412077,0.9381779629251457,66.4682288994771
0.5691245563567511,-0.25278028933373886,0.1893302898426889,13.474178218255771
0.24686174345551115,-1.150947156896697,-0.978290973259569,-69.31298479049211
0.4106645675007269,-0.1292261772702139,0.9089354303035351,64.44253473573681
1.0513821040268427,0.971570159583026,1.0401548732748613,73.96317183853948
0.9605883801841224,1.9344575041780034,1.4221558437589727,100.96486450460135
-1.1652792403135952,-0.694616248110226,-0.7169746978556291,-50.795807383636955
0.34131749713868936,-0.17095596703731544,-0.9789113846590103,-69.43309070614508
0.4908492676682886,-1.2449955319839336,0.05037149904070267,3.5723449999897707
-0.7641731461698542,-0.39628587002342464,-0.4406131512031603,-31.401255381650778
2.749015241530926,-1.846274307256359,0.38978948059663565,27.511668447948256
1.4336531385770994,1.1786158175809096,-0.9914892148716257,-70.44613280251966
-1.0848923359928246,-2.0712005098668858,-0.8109031764698974,-57.50127915897342
0.4228003384904998,-2.034029808928753,0.5428738448682512,38.61420514884859
-0.23018898753587652,-0.12102378312762338,1.0220521882441322,72.52934772806118
-0.2691658133328248,0.5029098539319475,-0.9930600727062475,-70.48606971348123
0.6736957203069182,0.5669394827217544,1.075521936045297,76.21438921254115
-0.5024510810843179,-0.14238803688015547,-0.9595149342931696,-68.06277661164737
0.7918462463917473,1.1333051356249522,-0.4447418134382681,-31.6124318617352
2.1735902188673624,-0.4197013234521483,2.051908085150155,145.272380046698
0.003533705180813597,0.1756649174953558,0.6378250568395691,45.136416511176265
-0.20689507031755378,-0.047823637046432846,-0.998031101565192,-70.76142098916738
-0.549550440974607,-1.8047862656071494,-0.6680196055550955,-47.46955662546586
-0.30841328820373876,0.35804635159348996,2.2471689087470175,159.36622958916382
1.3707566748138724,-1.3566673291361604,-1.8390063728936359,-130.34300860348225
1.9858398045474595,0.16367324078701265,-0.4896978944773415,-34.697475420517925
0.5463076378713653,0.17042054831360834,-0.9103398973256981,-64.13690404744142
0.3072026934196086,0.4573968388876915,1.7930191493361392,127.25644164956081
-1.1470485309523186,1.1342219771827857,-0.2708385031306427,-19.171096888143552
-0.4442319705867708,0.18497974582710167,0.31786181763818266,22.533115325924488
-0.09891642046290039,-0.22001957104454148,-0.5049040025928193,-36.00317993900985
-0.21179519652650897,-1.6593012814241814,1.0641918776687347,75.42154911681266
2.0042906329756383,1.2588256857903302,-1.5128092657217496,-107.36869492037698
-0.05140863934312444,-0.17957184586085037,-0.7402647693270704,-52.45720764711524
-0.40298805521232134,0.4553166767615027,1.1135505701158992,78.82911068147341
0.9791494319126427,1.2613687248181384,-0.8665714008182962,-61.449317422466926
0.7383172738396918,1.2950376646006871,1.3476698723621663,95.71554409232075
-0.8077238107958925,-0.05994884509790926,-1.9541993784376013,-138.56880902970207
-0.26473325633243994,-0.008925249533024508,-1.5186798809526811,-107.82049377436202
-1.6496033353640938,-1.504726987503918,-0.0895342016678463,-6.193412997163437
1.7813555871091935,1.300430176903446,-1.3164311240887205,-93.18528554774936
0.4822224323024032,0.6117408460706601,1.2161927566386026,86.15629601807579
-2.549828767341583,0.5301178685123193,-1.1720486741877338,-83.03859815445355
-0.4256870615282195,1.2569992909932624,-0.6470422466293245,-45.964481903277175
0.09085116532624929,0.6239899039378899,0.6946461665159824,49.14390666143495
1.6970520372450042,0.5647885638995658,-1.0114791749095497,-71.73243584439199
0.6324672872829034,-1.7600108914176336,0.27849076930729494,19.69260190460458
-0.01625335955377946,0.16818140630792455,-0.24091733522214587,-17.029740213084935
1.2672291407454297,0.8727413794306669,1.5678004951749949,111.31373372856652
0.30832224245072465,-0.27496236152487474,-1.1392996653797427,-80.80104136726342
0.35427453661571023,-0.740409722868803,0.9300421596351209,65.95423558957556
2.1060307180605418,-0.5552185605496098,1.5087772203660368,106.90179126486888
-0.3965394847341457,0.14475342673710473,0.6537189290889096,46.334677096549726
1.3856754661312307,-1.2351989197248823,-0.26955332167012275,-19.057672063397128
-0.4742694474467087,2.061277254445501,0.030580607633258858,2.4160263227100183
-1.4684492940418172,-1.246241157671838,0.34256965252526017,24.28509881061072
-0.9877632478377129,-0.5205938606173376,-0.7168763712160041,-50.80529223811401
0.497006777318358,1.510225865307171,-1.1355200761310813,-80.37435681272679
0.08130981378451281,-1.4867504648402707,-1.4514230665349108,-103.15928539010353
-0.942666694535294,0.11844355998055052,-0.4556604969396878,-32.29850423094779
0.5557573570349201,1.039728088005498,-0.05408564056446996,-3.8156071002837826
-1.1689035045903813,1.8465381023335667,0.9733100481279309,68.90171767662481
-0.30989996376359663,-0.13686594063982246,0.2592199554796144,18.356233773838987
-1.1076773980158112,-0.1259702318871634,0.9564997026697072,67.71760723380535
0.2849680797832053,0.9842180481058345,-0.8956940845456046,-63.569334156103814
-0.6176022337218983,-0.9319362853637381,-0.36183655320844743,-25.662529601709824
-0.20061707605632909,-1.6037866583327987,-0.5612250101591751,-39.610420814861676
-1.0506818940164382,-0.2477787646038021,-0.01576744504830245,-1.2219611141777076
0.17244292038269293,-2.5036071062445937,1.1311532204325971,80.20246161132023
-0.6125079801635012,-1.0611008604628154,-0.3142049108357693,-22.395429835694234
0.2617328297850809,-0.31160844329829246,-0.04422367279935599,-3.2676068439175365
0.043714665625856755,0.16558240655876838,-0.6473374309244648,-45.91080245465976
-0.36788251456142523,-0.13631690657075368,-0.7084021429393464,-50.126563460753864
-0.6039330928388242,-2.337496680201878,1.5530001354996137,110.0665929231323
-0.1237041501628896,1.4352474723527673,-0.24988260002907103,-17.54160401480867
-0.5303195977597074,-1.2122031318239328,-0.5644571342475334,-40.00808747267975
1.3370082327471478,-0.28056306735304903,-1.265329137635365,-89.59259028970672
0.6362975874542686,0.08677137807690763,0.31449380030129703,22.36362066018415
-0.047414851045474785,-1.0059182526652495,0.30464145221131783,21.518352009532652
-0.21243334397298116,0.2368309575948943,-0.12857678994469735,-9.047771396298675
1.3208438865208314,-0.2355279412498325,0.032676138350702884,2.4587553453068396
-1.2545727723187166,-0.404055186904348,1.3111710629314204,93.12455015125458
0.33001126045759094,0.7972281049422417,1.0250292767372249,72.70796946299183
-0.018611526877487693,-0.4740772322580835,-0.8746037254071849,-62.11122236323231
-0.5518366297282483,0.02829278668921674,1.719353727117047,121.79146732347614
-0.7588359508710182,-1.8111757916087134,-1.4332978696446494,-101.76911991711427
0.6619396119642984,0.9480377095526089,1.1722368953664726,83.25485527980756
-0.5931300639614961,0.3694048155185842,-0.6509289927233153,-45.983662960218815
0.552154083312241,-0.20657050494559517,1.0277501907163444,72.70663284914603
-0.2901392926234654,-0.5035542079033727,-0.2112359380870099,-14.88075077282148
1.425885197995951,1.0254541649478284,0.4071960456034902,28.93001310385326
0.555682357400563,0.33463652315871545,0.25020817489149,17.594602707728093
0.16964809724096652,0.5121397390811175,1.2322513605788596,87.47458442179214
-0.7048327685783333,-1.3448640499428108,-0.8888538316105042,-62.79924853405293
-0.9018486712350127,-0.05310004598963489,-0.4289209193575576,-30.23823228464461
-0.919152731131956,0.9910542719347766,-0.5228693350900039,-37.00376313133634
0.8369586811464206,-1.1472124491118403,-0.06534305386653827,-4.70870151431259
1.3187514548492758,0.6479515571245154,-0.09117731761804194,-6.474178778653207
-0.5017048205931259,0.6558784635305006,-0.7415116641572029,-52.555189596297325
1.8405482668904558,0.2493220461072359,0.3462635978189804,24.26595918782489
0.5294987583790279,-0.2925653575965946,0.5826300519535886,41.35372092069172
-0.5646220318353659,-1.0051536005972426,0.09802747254282985,7.016548924497114
-1.2618603764751002,1.2876160687628324,-0.6971874679837672,-49.208351390447305
0.4465947582417941,0.11873409986379883,-0.3724249310233888,-26.400054973297696
-0.17397967587517885,-0.7866887993508814,0.4020393406133678,28.501769301160063
1.0743030923217234,1.8248377137643153,0.5965002815874795,42.24061935474687
0.8960656037675567,0.09022714386675235,-0.6421583194225838,-45.62606291756074
-0.7669082906913942,0.4915271663391657,-1.0396956986546704,-73.68676963648514
-0.7254083844162657,1.3708542499329572,1.1258168110288351,79.79844110473731
0.6354098951976271,-0.35653005087636225,-0.25397257188832156,-17.99396894489836
-0.6310973346294608,0.40367456421237696,-0.059345986846329524,-4.175089010597588
-1.0744249831058263,0.6239893603150319,1.6172730393444947,114.54451837874146
0.5836505807634701,0.33878174859211124,2.702712505968621,191.55223362812887
-0.0495292247136558,0.8873077520155068,-0.5520222001997066,-39.20331611254517
0.5932950088178249,-0.1712074667443626,0.9530050472598015,67.34122163709084
-2.2404409666050307,1.2744865246655168,-1.1069772905860904,-78.65881274076769
0.493077626416474,-1.0250970395988697,0.9088687915554726,64.45285439655707
0.5936581571570304,1.102680622168492,-1.0376431755025746,-73.47595674603878
0.7398610228290966,0.810771052513522,0.5803646371804833,41.1366015671731
1.2470011954420908,0.4667924218859967,-0.22822930592075788,-16.219346348466047
0.6304841177541388,-2.044720117835128,-0.46235848514494454,-32.69325965300836
2.1464664197644647,-1.0278422782374284,0.1395318336837402,10.017832225909693
0.3814046290771767,-0.21592645248678932,-0.15054573235485863,-10.794214123675609
0.9552351423474049,-0.006932611196753699,-0.42730924770424494,-30.296736757831354
1.0151450073610953,-0.9189070555129839,0.8561779322858234,60.606328488356326
-0.8616880563310468,0.8745422712420226,0.4635194615036054,32.86098685461255
0.10148521781432708,-0.39229995935909523,-0.8958995372223378,-63.63055060636416
-0.07760033330252113,0.4098811623756533,-1.3942849647906999,-98.89884861926343
0.5317605008443639,1.717416274329597,1.2745827576656747,90.3206436191705
2.240831777949111,-0.8223255269819081,-1.0095109254196,-71.68960949283566
2.788636284397753,1.5116793857927255,-0.4075873893040588,-28.855360706033103
-0.22062815278935807,-0.07896637504033216,-1.3477584585437443,-95.55964287388791
1.263203940126407,-0.18263487266857828,0.03486845230191761,2.518834124400825
1.8144718063327134,0.4390525240326443,1.0364660934397685,73.56557946851721
1.5559322146908665,-0.174520174468738,0.49150303403452233,34.94724665166562
-0.0475188086664521,1.157639710313152,-1.1253482671168031,-79.89425876012508
0.10080475509687915,0.4034294194480515,-0.8871579108744382,-62.93598308309242
0.4401153954497382,0.7782080010342234,-0.07634396096690663,-5.363360578105161
0.5827295795336092,0.04209586253239748,1.033076681697664,73.02555342534053
0.5919919721541697,-0.4696864320594971,-0.31064769623532784,-21.780057955515836
0.45868761923400675,-0.7794294655780742,0.44046374467172655,31.190045273938548
-1.4173124854235954,0.1007623225297041,0.4080795402156076,28.958338359854054
-0.650262743355299,0.8451903358870833,-2.5703791808894083,-182.12929959082604
0.23652103186954615,-0.6311487119675988,2.033615380217933,144.22439853441352
-0.27545755798940863,0.8462127557706884,0.3139662286180966,22.17400347445278
0.30382940946923,-0.3749133641574047,0.15154593240594028,10.748199809941832
1.5783072633252422,-0.1928791044945076,-0.2604617742563892,-18.546587361967184
1.8341347260035172,-0.9518274877205946,-0.5272096600778289,-37.41317115359665
0.5109511663525176,1.3878458300452645,1.3369232877046484,94.90331528509398
-1.3404483290994924,1.7518225114575314,0.04142579459805017,3.0061402150405097
1.1946419335766627,-0.36106640940604984,-0.06663953297276518,-4.7520719581678685
-0.401054639974948,1.967343318074842,-0.6859402007771007,-48.62080128838672
0.9861415399325618,-1.073891660175553,-0.8220311211152818,-58.18199553871223
0.4646776427425621,0.24697739281350362,-2.5127107920550062,-178.09442782317194
-0.21198197694722748,-0.29945522033949407,-0.8872655870033105,-62.92875198899078
2.521234447654634,-0.025614200113734897,-1.8821249077738678,-133.3804999266565
1.2591360717260558,-0.10096862869562777,1.054153260362529,74.69737047960456
1.4681527564977683,-1.590354424348262,0.2969893561994861,21.089211610059735
-1.756725453911815,-0.23667877671083323,-1.2578342094732993,-89.16769754869613
-1.835818247399462,0.11220116597939775,-0.5381792670599372,-37.99037951353273
-0.2533395909876701,-0.6337196980257023,0.6336731330159243,44.97535843322497
-0.008781690017283175,-0.5203463018362536,0.5526325745043599,39.08452769737097
0.010408924862243025,0.1774920771384439,0.07850893626451948,5.554535983635687
0.6843123013634974,-0.6868102108738706,1.0123101051436136,71.96523609505994
-0.7289969812729687,0.13380482918934627,-0.08567465010447967,-5.99484409524232
-0.9217767850258717,1.8251252021174766,0.7811909772782442,55.36823953656295
0.4000269456440442,0.052067455360463054,0.7766383489706123,55.11602096630734
1.0604268212400727,-0.3886693566581096,-0.8334473010941937,-59.09573036906188
-1.519121739323307,1.37499320565664,-1.0648808252284567,-75.43201338094309
-1.7384488007408159,0.5743588554866885,1.05108898730397,74.62125658739996
-0.5799445499950515,-0.5517541477613648,-1.2450860725590482,-88.18555131317096
0.22449486536487492,0.7170621456709956,0.1373337209860893,9.713935907343153
-0.7039093829584645,-0.5866482955126522,-1.193210621630565,-84.49207376847056
0.6878474231684545,1.00812262256532,-0.46155895181332507,-32.90674226248477
1.258273339981624,-0.4212532608338738,-0.46319318292789124,-32.79271767269824
0.39295616671112193,-0.8838757932222773,-0.8895033103116607,-62.92599235423534
0.1958199158032833,0.9808200240603829,0.1281995483192576,9.090423810101289
0.7242123668082019,-0.8029478437767903,-1.3756167709037115,-97.7803521927659
0.13612226332547817,-1.209200172197636,-0.9819196121052536,-69.65391871100816
0.4832311763824132,0.4039292911788244,1.3558493424760214,96.12984365627186
0.9374757119540494,0.5911305334386887,-0.08309119245179715,-5.957914128767002
0.16662918929384116,0.3601068837032068,0.360182074360991,25.432226020517117
-0.25522043234206654,-2.2338193021625483,0.12106354467287737,8.570549195769107
1.3018723225765851,-1.0685777161297656,-0.8189496759613422,-58.16946806815409
0.6933951301046243,-0.6088572976001483,0.8521329520063087,60.392950862787565
0.8408932143875651,-0.6115357617967463,-1.0244396465314258,-72.67782487330683
0.5393419353058819,-0.08750952464390745,-0.8825566708903058,-62.65474409014705
-0.5805574347114995,-0.8002921839109942,0.9352985188126567,66.28702703637776
-0.19323052839662005,-0.4879272985837318,-2.392307383141655,-169.4352524984859
0.6266471632775626,0.5081478811635093,-0.42453063843235733,-30.1524813272753
0.3483863545754399,0.3464994239195421,1.2276514674180903,87.15714651011211
1.4040199131719864,0.009784594025328606,1.0161450287025624,72.00104642585268
-0.008815461942338454,1.3053604941605312,1.3457626953735808,95.494935666239
-0.169712298286241,-0.5834380365496776,1.3334380111582496,94.46114863993745
-1.1253960964929628,-0.38121762270980797,-0.14243659734455344,-9.886023177149509
-0.4983605868763933,-0.8751868646922648,-0.9724063134531709,-69.04872060211152
-0.26702065988201884,-0.3048303629583968,2.810591748884883,199.08861161730604
-1.009644137014056,1.0430205425851298,0.9434054093764453,66.92948969499605
-2.4365860930438092,1.7616775111183827,0.44247068226143743,31.273769459182738
0.4211737518362921,-0.6773346457454847,-2.422391061307649,-171.7682501180306
1.0264649542991402,-0.01792809956807025,1.0316691753651992,73.13279634321465
-1.3069165076947713,0.4354151452273944,-1.4110186269241094,-100.16590595535861
-1.050765671531464,-2.161245581290749,-0.7104926625583289,-50.19137928000261
-0.3896270381191326,-0.7960950734395835,1.4810632759007558,105.15821254259346
-0.12021029964609868,0.18790597749259336,1.5600277440646124,110.74097034765676
-0.7834116105064459,-0.4468352771022433,1.7561747670912977,124.42518578754874
0.9894165673802716,-0.6682741466553472,0.057623046370507705,3.927441162766147
0.36996606263982135,-0.43494122757718234,-0.5442585420674441,-38.54591935184142
1.258184062694554,0.9982401515889013,-0.40553244447068865,-28.71651322930414
0.8890851819011961,1.625140124340541,-0.721744560265029,-51.07776632199747
-0.25507614020124214,2.167454337452383,0.4679587621642768,33.33154660943989
-1.307830964462619,-1.6393519849290241,-1.9558273779240107,-138.5664277075763
1.0439093305454705,-0.7424626151504725,0.60067865347439,42.55173152860364
-1.0188511348417386,0.41606130470468183,0.049149076194682444,3.3500376494083897
0.010881921618213379,-0.6435450268868731,-0.07733029429414881,-5.740216951624193
0.3564457528726365,0.17208603729244754,-1.2256879171702928,-86.9390871540596
0.14502150064547129,-1.7103724958988005,0.3125669361184935,22.178555483243876
1.8558184473288264,0.3445092410621893,0.7323457358382159,51.97188683528212
-0.49446747899494436,0.5139973206764415,0.13299113206284052,9.520258840556231
0.7038565770767349,-0.41131049695927235,-0.024568171195637836,-1.833191313663583
0.1904746116185204,0.9675250291350048,-0.3949838918278965,-28.040660391584282
-0.22395868568045266,-0.6193645450466079,0.628923136186043,44.73100085036314
-0.3355743118711292,1.3864560560461774,0.4542354369223729,32.24786320520956
-0.4711531435512448,-0.12172776834991242,-0.21745581968205588,-15.344931754209277
0.3626232280317702,1.3515288993254766,-3.3749224884477784,-239.28046937505997
-1.245350932517553,2.4117669559502595,-0.07393607835908131,-5.330321526201653
-0.08650053464511091,-0.9710894871559238,-0.7173085206968101,-50.80686203553969
0.8786525334252837,0.14538747440161978,-0.052670918771318784,-3.7078068694134894
0.5935054190669405,0.5157427222277692,-1.2354840884288527,-87.49089025911341
-1.2457338777686022,1.6297943177587786,-0.6078472181669707,-43.07273482891712
-0.9127496350511263,0.9418811649120455,-0.7081185242222032,-50.20121031012877
-0.4403585792448922,1.9081762664203794,-0.1356059646290899,-9.601052006478874
1.319149621884391,1.2216902520515565,-0.9726005551502251,-68.89993191215112
0.7381689444953392,1.0233369630502236,-2.007702143066961,-142.33866772788627
-1.3588762723540464,-0.14488566177403847,0.3898551554133316,27.75607948488543
-0.2831181755992594,-1.795803958171805,-0.7742550895747891,-54.90809173989356
-0.16747100559366024,-0.07314866695983309,-1.1592980940511801,-82.01427362227733
-0.2802292461077102,-1.193505972785712,-0.9629528750899159,-68.25534518533877
0.48867157779312104,0.0637267312140944,0.5259716688344396,37.272734215329834
-1.7281288666088204,0.7263815444800682,1.0337200572416878,73.24686159124587
0.8198928328057911,-0.6260297104033642,0.00034098840376713563,0.1106111665715212
1.5238505215085574,-0.43976045843056816,-0.36969868517220367,-26.232362849028707
-0.17275262476437384,0.054205608681134075,-1.550790304342616,-110.0187646456895
-0.7301961571529313,-0.9207170635762526,0.224016388359464,16.05560753229778
-0.44688977137991526,-0.3013973805459672,0.9779396853856728,69.39149201283682
1.9354722418601031,-0.2918418664780104,-0.3200932093865571,-22.674259963792366
0.9607045822835469,1.4819681049378444,0.10817413364352133,7.528094154489249
0.662705934614292,1.9499762520534358,-0.6616889647246024,-46.90530188758387
-0.7209043047357194,-0.4653319470061591,-2.5714516081042995,-182.43073259394328
-1.2390478346040932,-0.7867932076855224,-0.031127209762043584,-2.2168550706081667
-0.3579309364020235,-0.30700995991965896,0.02761482782707031,1.9934358814460713
-1.3159069192289738,-0.0771564623672935,-0.8160023893705161,-57.814883980473674
-0.39593890571255147,1.1024220272354268,0.9628779690080519,68.36099407875162
0.13194368410558177,0.5242852741227978,-0.9261738037030854,-65.59208513609984
0.6372215343802292,-0.7292158392600389,0.8146355126292554,57.85396334984962
-0.3081626167389656,-0.39007297586783374,-2.009742476864738,-142.376329707993
1.0569378726492862,-0.34191214272258125,-0.11977322499956192,-8.583050291450268
1.3694823174397404,-0.028728012380164546,-0.12950368629833944,-9.237555491026777
0.6362022424267411,1.4353156762280268,1.152608848215028,81.73274780472222
0.5145674678731549,0.35902281199219693,-0.9167177052897542,-64.97368811198541
-0.19369298384907874,0.32034087134146444,1.416982873427627,100.28074193428984
-0.5277606388320729,0.3037758025652157,-2.445166513289461,-173.41468979015252
-0.7058568783791701,2.4908794881876637,-1.0643153958453284,-75.50873489711992
-0.5013888547402248,-1.4676816498689313,-1.4108037487610667,-100.06132404957448
-0.6322839434257828,0.34769024745696964,-0.580692489221199,-41.1492538652971
1.198831298862279,-1.3261763827032513,1.3227907492365978,93.93803199177712
0.2618596781132383,-2.192763775303429,1.0014811755867412,71.04356656124595
-0.48639942194306535,1.2640584425352581,0.46407069154168545,32.93088968696741
0.21049054740026515,-1.5671482683215412,0.05503249115435423,3.8910653341895056
0.3974388107459822,0.15825389976783052,-1.0699178369527025,-75.79160623916293
0.6343497574691652,0.9256906606529558,0.14074048625443458,9.97017229972229
-0.09798613948694825,-0.1454277900434058,-1.2423767737471054,-87.91092891838287
1.6553340804416037,0.2318337072352735,-0.42933612733150767,-30.47320640239742
1.6580552003965523,1.7146174220627493,-0.5793315512177242,-41.097770677037175
-0.283569088256179,2.1337548775945043,0.4864837284443666,34.443623918332776
1.144558109758325,-0.2819794750177058,0.9786410575424296,69.29752016493012
-1.3297113210696212,-0.4119258288080772,2.6807691571841565,189.87572352963664
0.29645759388791837,1.3460490732784642,1.2917954684536073,91.498071941225
-1.0961017312640173,0.5381393510085294,-0.4436750903537858,-31.474356136530393
0.22612322168818938,-2.0493082271395635,0.5597516362591948,39.61334275497804
-1.3579946752737573,0.09405901296394428,0.177877606787477,12.320481467267827
-0.28737090041137486,3.1337554348701535,0.39855124129694647,28.349105542628248
-1.0697905940612866,-0.7269186683357718,-1.6116140143985451,-114.3016316857355
0.15050903461550258,-1.749663591488447,0.42329453124776034,29.961631720390454
1.1454028747647367,-1.0719008772616443,0.562949277436548,39.93875656804613
0.7682058066267697,0.8510320141824667,-0.9071933088247541,-64.24926164681808
2.091127748118849,-0.8120720943362626,-0.144556709457389,-10.275587217063629
-0.5284519360276774,0.012379019930564977,0.8954558016075695,63.52119548654987
0.063394808807009,0.49245382426231676,-1.0504245018170326,-74.43302947938535
0.33701800541392496,1.3368589448344168,2.2281369962002313,158.01389760551928
2.2711232512682114,-0.01924213073153258,0.7790854056935602,55.36283014879805
1.3317471857279077,0.6831880955016408,1.2701959624826995,89.9636836801916
-0.17935460750941187,0.19490925362255798,0.9451827143977097,66.99164980815546
0.20756907109302059,-0.8646012252899887,-0.03519465975871069,-2.610823551013436
-0.9894510714375043,-0.7388905870706203,-0.3630921648565553,-25.577249774189685
-0.49939483300905174,-0.09825070644337251,-1.8247352775983448,-129.28803131776817
0.1617294049779112,-1.0353003460013388,-0.1702328480687391,-11.97951637783257
-1.9271730969506577,0.8028687588701693,0.42099283577929697,29.82398639160037
-2.0861839019335444,-1.3805658448474842,0.030207644914355333,2.1606456087781094
0.7916501295753928,-0.17066502063233346,-0.7961231074891438,-56.4894015001374
-0.051405718990726317,0.08492933194590266,1.5810447641156806,112.15637208015572
0.6009801365681474,0.637849581857125,1.096096061451606,77.63680068562624
-0.15954231988423756,-0.12732094650741851,1.0480834343162957,74.38488149556562
-0.9605984182803284,0.982802537861495,-1.2865268729121144,-91.09595513371622
0.765407603067866,-0.44899094860430955,-0.6611508521135468,-46.893084144484305
-0.2927887785733974,-0.770779802641263,-0.1588481367504038,-11.25534068359426
0.2225639376413995,0.35775888789285065,0.712266014591716,50.50932867863805
0.743885198874952,-0.12446663253844567,0.06069805085279735,4.216661970902054
-0.6015549600935717,-0.9104015580279927,0.018432742187540294,1.607077177070238
0.5885179721373818,-0.13938284458987843,-0.29922389428921914,-21.143115158243006
-2.2083387024238563,2.1486280034395002,0.01396193742623052,1.0878626412509558
0.2458175376216695,0.7433308295564947,-0.894452355554826,-63.351982334046376
-0.7366684591850506,-0.6223556233367926,0.1734790779208179,12.351816588652195
-1.780476441879476,-1.1386926339236079,-0.4304835501804303,-30.480163542919854
0.20530183953515288,1.839063398219502,1.8109189278714948,128.40806968072187
0.6829810362521503,0.372367994468309,-1.310546632815651,-92.81416454017236
1.880615379968872,0.5751614238527019,1.0203195809205,72.16940282705214
0.03347175077092245,0.04703587705234424,0.8396665035610383,59.65593318682492
-1.8955159797105,-0.13282697778693983,0.8737851391407764,61.918877794992405
1.373152036674388,0.21874745395522574,1.6340766856565767,115.8998774332222
-1.4033646681815553,0.09430764804514226,0.5572545763713879,39.50604726707505
1.7105700293545207,0.24726259828440386,-0.9716811987299508,-68.79265972828522
0.26671813640051867,0.0624644020768201,1.6308904926126004,115.55688394261584
-0.361787333950142,-1.07028263806397,0.37096804350109785,26.167543292439362
-1.2457576671642958,-0.07584113199043076,-0.004105244542257873,-0.23987869531284634
-2.080235811122547,-2.059606730301756,-1.6942108413097388,-120.1217275893438
0.8449708921579597,1.0738783760154371,-2.01303854868464,-142.63171521424357
0.8543284343720529,-1.4222457569562312,-0.6245818608608779,-44.29141133391337
0.6497953595777012,0.501096670010008,-0.2313035348552751,-16.44814742722597
-1.4209914293731336,-1.3786717694911228,-0.7259962145184817,-51.518239331199446
-0.18968953546295478,-0.2606472967880001,-1.3872060756352367,-98.42598591770201
0.40614598470435226,-1.143987478072129,-1.746604049751087,-123.77779336341594
-0.5820813044154997,-2.3023555627215173,-0.6073966157291789,-43.03774385031247
-1.382982029340912,-1.3485381232886295,-1.0569231027540964,-74.91838517848606
-0.27348362979858487,-1.7494998407696911,-0.887592184699717,-62.9655333212559
-1.1400538038589125,-0.14762400120360428,0.8571908895447652,60.69086669509901
-1.3720647388418052,-0.2538176619033274,0.5782030877344548,41.0891354031885
1.1743133741715706,-0.7356803900404234,0.7420691949812661,52.664177951343895
1.638530119935813,0.16087175359679304,-1.4233498487939664,-101.01628424943058
0.007139666170553836,-0.3540396485493446,-0.38672651462840774,-27.226660378592644
0.38341540298482263,1.5262676897033838,-0.18742065106926167,-13.354713301081786
0.714354976920556,0.19633491316554597,-0.9848881204729003,-69.93438931061633
-1.0714373858653496,0.32994300220385464,0.14066709466437854,9.755989190242174
0.5124720613816254,0.5788807187838774,0.710398139367415,50.21961802303316
0.8186594276314062,-1.9191976738198802,-0.23347266811282918,-16.657783335718396
0.8721960876055933,0.6315981765611661,0.44126391401622483,31.367444329499868
0.5646908167246375,0.4264613013814629,1.1770159812532017,83.42543904937398
-1.513486139492067,-0.7523357471766768,-0.5373019490686032,-38.0596482194245
0.040473727867658175,-0.011018143838942571,-0.7828014220366865,-55.48122777156963
-0.7669399644505409,-1.3357158096891812,-0.010415135581274106,-0.5234502512424365
0.3914995269848876,-0.6787450738052871,-0.6260544594837081,-44.49267265685837
0.788667098694332,0.9727411867316371,-0.8129551126640598,-57.675079218976705
-0.7859365595552328,0.727167081966167,0.9131592205399707,64.67170934554039
-0.3759420174580181,2.8375807619237245,-0.32427873140481506,-23.02263802803341
-1.529566850357652,-0.7590084820172983,-1.2982829610952982,-92.05751062847472
-1.6087245740444145,-0.0069576813008691155,0.8670070060268299,61.42391305746317
-1.0080332032731785,-0.6835599848590683,0.8592946136531918,60.8229921845396
0.15006422397824035,-0.0462128596997415,0.21916174410842088,15.63593542907103
-0.296612668752662,-0.5635872128353812,-1.053681310336428,-74.69477743012007
0.233091035185813,-0.47717522690070624,0.1461101881408306,10.257485977623858
0.04506138904439774,1.0815539436749804,-0.2783927947498688,-19.657983610703678
0.9565269092459587,-0.1984745551589271,-0.20350714811990164,-14.70044470783651
0.10855807737472066,0.6610010423365664,-0.3068862254382035,-21.68673310269034
-0.07659613378526789,0.4851853565917741,1.3968352666045434,99.00250364294749
-1.6955070231383558,-2.5176088981167415,1.6796463198530365,119.01167397376187
-0.5676144774090676,0.2119732995512772,-0.8108856238737429,-57.38194367467451
0.6290362477481108,-0.5950877759665696,-0.14556771429324425,-10.218444153733085
-0.5297409451679163,0.18341414336335582,-0.8174987180145699,-57.822614901626615
0.6990564307856845,-1.6916757922516905,1.0263701989319156,72.75851532753457
-0.31679973017429447,0.12796944278522376,0.24541353415696077,17.417506350225793
-0.8129703473936429,1.7922763453908779,1.0603061617747,74.98295973174659
0.39792947635477965,0.11073518127886314,1.171503299716601,83.09875005908022
-0.22394110430429778,-0.6794389820163503,-0.7307582406258135,-51.81278663686698
-0.31665430286518176,0.7091621022148473,-2.019613000207655,-143.15397483243294
-0.30800910145243865,0.5585560786619567,-0.798203532889708,-56.658432894972925
-1.1967479801566654,-0.6602583705833711,-0.561705689581004,-39.916181649661645
0.9455542500316586,-0.626992786685435,-0.2715144885795719,-19.12376998070531
-0.7289308283504516,0.16907850502659202,0.5100809126491576,36.025486255190096
1.4428007404163108,0.8165013289122135,-0.6608474169227733,-46.94366158122527
-0.6890831978765138,0.5358524149264106,0.7218720803475216,51.26197716252903
0.758943546404463,-0.8577130140827998,-0.6071901248743067,-43.15729149156155
0.9457817986115649,-1.0481036196775428,0.26846986073109147,19.1049028076021
1.2331274539594301,-0.9565243342059766,0.6672216741376343,47.26081907012738
-0.8042910727892151,0.6453870574487824,-0.2492394321758438,-17.689674108640528
-0.7924669896306252,-0.22263193172017115,0.46483149628153597,32.85517015162204
0.2879867915495047,-0.8944357257147117,0.5888752631327258,41.76084519240732
0.11576695417098896,-1.161520327610424,1.1546467233153208,81.82097106105422
0.1061015150828276,-1.111223885304887,-1.1263303657950732,-79.83908439469742
2.1560341124861786,-0.7905645205055123,-0.3347603615424292,-23.701888136863023
0.7198928965024797,0.08639413477140508,-0.9912153836957406,-70.16575412048303
0.7409236357521157,1.065180768438527,0.9952727560398864,70.42009620623712
0.3883087213531594,0.5167669609488145,-2.0999727911689594,-148.89093244990113
-0.34628272063428023,0.6240469820599271,-0.5735951202041236,-40.63265387871215
0.575731254724345,0.3643824181189314,1.2899733716441646,91.35056837166366
-0.520655761043429,0.5214049366000069,0.5671427475985479,40.01247232390027
0.14274591801809736,0.45093483480520197,-1.0322766669651708,-73.17521303926087
0.034893401224529975,0.854524004824103,0.694999391875954,49.21431465455551
1.115998859296788,0.9217215949011858,-0.5913009566627139,-41.79492147687814
1.1602601159455876,0.046657283513978284,0.9545110635810994,67.66579401494636
1.8090263576006365,0.4619572469408964,-0.6427633119712357,-45.45134314739913
-2.6593086471452225,0.2624923470993241,1.4762819726011633,104.67501737664307
0.5291046046699566,-0.9301933974715328,0.902777258420815,63.90150466283532
-0.3290150482618568,2.403009573643675,-0.14894403289656005,-10.539977027598965
0.3676164668519731,0.5439868430993922,0.3328516099590242,23.556083028796763
-0.8591820678843219,-0.3737120760798041,-0.5991513935777939,-42.38315663455492
0.6028259779722855,-1.5061922477339624,-0.1816773420362544,-12.870049481576173
2.991779293828924,0.4468629476703453,0.19675488030790256,13.950672769096416
1.7544157883646425,-0.0616789975263782,-0.9230874899160819,-65.51966400812596
0.31519440128244425,-0.47093223852873484,0.2839085342177482,20.256317571499544
-0.031821971968978575,-0.47355237520353893,0.21805951766516413,15.54695524051734
0.7399540644675086,-1.129354705036407,2.29823080058263,163.00930256731397
0.8460520701557306,0.41660171658963,0.8937058719637945,63.22742307882628
0.4917255571179779,0.5443529431650855,0.8510693229821329,60.44933042973551
-0.6019385277717834,0.626344096816736,1.5545193914176667,110.03537652290217
-0.6555247910741994,1.3343837039147062,1.0949453968982192,77.66427371320225
-0.02913364538083787,-0.7916818698888378,-0.09588587970948005,-6.716644074289799
-1.5381130353509371,0.2465941749549154,0.6196372080135889,43.82010230456522
-0.636681496338251,-0.7989634622176536,0.5132696789718795,36.32106398620029
-0.9224703042378523,-0.07146706518042398,-0.13094949475316275,-9.177559453883246
0.2198883219374082,-0.8997847306970285,-0.8147562732357435,-57.596650372271476
2.150903286921493,0.4156770138839265,-0.29380907766412157,-20.767233704949057
0.2846556273213246,-0.06270638894239924,-0.5970916358847681,-42.303305802627214
0.8460689910221344,-1.5193714596546042,-0.34133724542491267,-24.333992729533847
0.7976327829136176,0.41052624882487837,-0.7786942604848123,-55.242199076787756
-0.5539953101566105,-0.9443189101920378,-0.45917240916942476,-32.43777336675088
-0.6009093410328906,0.0255295446510781,0.08246032271682067,5.886462504104024
-1.4741966911540432,1.6455286290830344,1.530925337524041,108.57956342613411
-0.17172242527357512,-0.32073704599647773,0.5727094581564397,40.62083118768757
0.4955980527576896,-0.16169076854000267,1.2663016451662206,89.82686918057526
1.6637016876495676,1.259477625432997,-0.34174977426253855,-24.18312220668093
-0.018628185385742298,1.8235595814945997,0.5603649148502682,39.633494478541664
-0.7763064841871049,0.46516504761380373,0.6141062117755585,43.37076339590269
1.5779688627519175,-2.0297883054421955,0.3873404368764623,27.478000130982874
-0.0224600265813081,-0.755156023120626,0.8304528922438413,58.85837211899235
0.05610974923113954,-0.17690826694396455,0.5405350337598682,38.13383566679692
0.7352229879187282,-0.4527063855295859,-1.4953290407687472,-106.02119217918772
-0.6095375882270897,0.06027554826168912,0.9422496798462238,66.81595313213603
-1.2280524200572986,0.03329676413378151,0.17310402156593246,12.372486582482782
-0.007082167496279917,0.10785373643455991,1.3937962778317399,98.78902493533906
-1.313190024094997,-0.7317116116341956,1.199115875789901,85.23263359377049
-1.4025664370107687,-0.2828316219972918,1.3076437520929411,92.69246608517716
-0.34604357347606646,-0.9504279710497369,0.8807682307798237,62.281667702309626
0.1347437754973787,-0.6814556460763626,-2.1872576113553057,-155.1597066859525
0.13733233986542265,-0.5937767848177148,-0.4230363752247462,-30.031045353621494
0.14215724286798498,-1.1323113639034845,1.9005320779042005,134.67112383889992
0.8329724965704579,-1.4098482428416241,-0.006767872119672481,-0.4678202962748892
-0.6802344682666273,-0.8142332105566535,-1.3906873198802403,-98.5835857770359
-1.2100678286736999,-0.8445419719432488,1.377014478789654,97.49443756502315
-2.129361458288525,-1.3072880548934793,-0.29255097336380803,-20.656915861692635
1.496637020796854,0.3220554144017432,0.4747167183673728,33.57621957007767
0.21546481006526563,1.673088584800921,-0.47010931312648313,-33.361190453257635
-0.14925014146869706,0.9708048491887932,-0.6263183257730159,-44.48875348020035
-0.6273845638250526,0.6495489724237539,0.14953470248704223,10.432636270178987
-0.3013610572738345,-0.38540095447124084,-1.0383373477943816,-73.64393238298622
0.9000775303747252,1.0004713221409274,-0.15650898157387488,-11.187238756398076
-0.8147311031490816,0.07468835585506912,0.6274528198347313,44.36960856807523
-0.1362085476745472,0.0023837986984692285,0.2697224781477773,19.018340666456762
0.28076335491816606,-0.7345569127979892,-0.6811581475910523,-48.32259383760248
-0.3370676554214029,2.004707836052064,0.0345660356620499,2.508591268445416
0.8697366142802996,0.5117117505397063,0.14250592309892293,10.047182872792789
0.5760543460141888,-2.0841801834431446,-0.5697908111103748,-40.370990307230926
-0.05221746430011409,-0.49690277119468024,-1.902489204730088,-134.87651761218598
2.0099429079760864,1.301966066418049,1.9567981771947283,138.71596790202423
-1.760284954439939,-1.1778046840124026,0.4518613444558775,32.05959476594698
2.51233445800725,-0.6166125283862607,-0.5149512312872672,-36.547495257500806
0.8694430806311055,0.3762440967959669,1.2178264279500806,86.50880911022166
0.8886065325695077,-0.09205355063719303,0.2974531960284023,21.175613707733604
0.5724211364413748,0.6798340621783636,-1.8592343074556918,-131.8956511016688
0.24833476520346298,-1.3019171787758417,0.0641886257796581,4.441811586054407
-1.0496340060712714,-0.6196069999668071,0.06727862627086424,4.82304357758651
-1.2758734345643228,0.906755961687117,-0.11779163016740253,-8.512770677215805
-0.9538743588933726,1.176508188698334,0.7018153394467657,49.74953130765142
0.9343569447969108,-0.17051118294896742,-2.0618819829652364,-146.1949213486515
0.23831943508000128,-0.9320661847312206,-1.423125834375636,-100.91817882890349
0.9971567741199509,1.5391264275426257,-1.2447781730202314,-88.25222094460975
1.5961421271509855,-0.10780122043771179,0.1923265802751402,13.615668793629576
0.34888006972663244,0.18647538697124974,0.8951684828711516,63.53751539555957
0.45295762980462856,0.7468539568599232,0.3978961274412424,28.239156571399924
-1.4098934326039343,-0.41094671747107714,-0.5275814406831639,-37.338673185135434
-2.7994975868929206,1.6957080271074416,-0.5578903338605397,-39.553156872637864
-0.3224560649790341,0.17690111160996683,0.3977585931514971,28.110001160047453
-0.14211865252641387,0.9500610708899117,-1.7263556208777209,-122.45986200295327
-0.14347545740440631,0.36515004856341265,-0.619752269663628,-43.96382185223441
-2.1200268797689574,1.9127989608337126,0.6959376163027862,49.202192098961
0.05740109378755736,0.5370675118394767,2.391699094121865,169.5824752733165
0.3275692689608439,0.21988666012460328,1.5885381196513408,112.42718934687326
-0.8431011361101802,-0.0694031336368466,-0.19408020372539872,-13.658793436173955
0.6705904574316536,0.8747029870862425,-0.1590233853854446,-11.32691348029448
0.8725653674574761,-0.7528386807182529,-0.4847995922057466,-34.388706871063114
0.6224837137505035,-0.3532798719902421,-0.8692553752301285,-61.72073925340545
0.006865902292526376,0.2733038981274095,-0.7127423788049784,-50.57469107282016
0.7103065199329138,-0.465377315432721,2.4277406603407203,172.22733278784034
-0.7920502658649583,2.947713784359199,0.8874460012236809,63.0140330146361
-0.3228120228696403,-0.38342726773517294,-0.42325662906861894,-30.084192369611365
1.0086145038736387,1.1659363823976563,1.0241210176329685,72.49883765049975
-2.3962003936077467,0.43491368832925564,-0.9009600460454992,-63.9464627384613
0.6699151558865103,-0.1241317444451777,0.8280040866618374,58.707105783253645
0.5947965963687936,1.4103917339436034,0.08463102511343136,5.881426696516858
-2.4502865269136236,0.8383738898332014,1.034759401576761,73.2850463031026
0.4781825263308243,-1.0752006823107867,1.5646640948126314,110.78100046394728
-1.0533102925053641,-1.2349848526550051,0.5694597311180474,40.414863946688236
-0.7457280727630888,0.040664506505988386,-0.7648247491301156,-54.28659617474238
-1.0242688353886702,1.376924739230291,1.4896381153610558,105.57298885851051
-0.38542860710034876,0.9567595928443591,-0.05654471289640738,-3.9886748148214
0.046136790677855005,-0.45085219432405643,-1.7107011648359611,-121.21288970527259
-0.7938607942536839,-0.06289916049145362,-0.1350710998797652,-9.532479324975986
-0.49537542406368706,-1.4570273612233517,-0.36245007804467344,-25.83533898263965
0.40519323660065565,-1.4103258483994667,0.6302162330202813,44.79390084325011
-1.8810957612627452,0.8599581489331719,0.6883749602473159,48.92856608909751
-0.31851299402945243,0.5011261715026007,-0.4827755656918936,-34.345411392345106
0.5043333530382527,-0.45388485505037734,-0.8964453812922646,-63.59793827103993
-0.6060848537764357,1.489637877660664,-0.9785239938024477,-69.3160108336204
0.46195378470734727,1.2164246054308234,0.07243070775422834,5.270317970438297
-0.3561056884362404,-1.3003610459424864,-2.3684946706795893,-167.87700346435494
1.0112895276028289,-0.5665965786278443,-0.33241032206615395,-23.532056047369085
-1.3387337498646728,0.17908980172268377,0.5137260026645512,36.39699870944348
-1.2480771142274585,-0.44775785427493825,0.5135194092098935,36.30292599692283
1.028286950245408,-1.0943313797966832,-0.31054788059578087,-22.05287015284811
0.7598743739643287,-1.2104165915014786,-0.19991922322164835,-14.275630022383575
-0.49765647653620737,-3.24078917146752,-0.6208209055463829,-43.9545563392486
0.9975442240153344,0.09419613953214066,2.2416005843704956,158.91309840819355
1.260175467220379,-0.40582718520735683,-1.296385476131438,-91.91414363179392
0.5334490098085902,0.8326538601661533,1.4557984168750708,103.20121252823509
-0.39335552624569714,-0.6669085438877209,-0.6017812713554542,-42.53831324748606
1.09844234683151,0.7412937270360994,0.8631430643054409,61.0509318358851
-0.3492458704278508,-0.6042384106751887,0.6917696564167942,49.049662967194664
-0.3804222832173544,-0.460746791136782,1.7869076888212614,126.51345049830091
0.34869696608391193,-1.7965164040267856,-0.8064000616296962,-56.918537687053984
0.15781037541216306,-0.7812044091981607,-0.3747808995534273,-26.46517050762808
-0.502127546833219,-0.6991465910104222,1.5205715046389792,107.87048810902257
0.28461596123968486,-0.542241402578149,-1.14021442363141,-80.84080422926992
0.597292376625502,0.3269307615292641,-0.019267722214069756,-1.4098230413894703
0.7467664990288165,0.17284498146835903,-1.6624715363038243,-118.09644848252762
0.5534631599642009,-0.6545327160013515,1.0596453255798939,75.17939866221246
-0.38920233834503415,1.1940869165730672,-0.5657887114352229,-39.992219454772176
0.6622369427348017,-2.1142166459447593,0.6290501988961676,44.47259717870317
-0.868616822553758,-0.04666186849445589,-0.3412535317620619,-24.13523024661914
2.4697720138738704,0.5646837487405685,0.4824563373732174,34.20179024581877
-0.5630371681648061,-0.6288709728367883,0.07973787552374016,5.797859237499104
-1.4383020440545449,-0.5027506805545399,1.3852006490719562,98.25970578473164
0.18613368913629677,0.31082626106845396,0.39339138474431956,27.772167318449906
-0.29888293762457796,2.071297382274256,-0.13290212499402423,-9.398778574215708
-0.006831556643193602,-0.47149512515264075,-0.695290294754737,-49.35356053362474
0.35646531903143286,-0.7368464118977683,1.3165358315718603,93.41453420252728
-0.5268305326109944,1.1619295839309352,-1.220238790410665,-86.47043363443801
0.7563435726363555,-0.27373041066605475,-0.3411802939992703,-24.293728368935426
-0.3157845203463457,-0.0943996934418335,1.4958638593047189,106.16512045970822
0.3479467872632519,0.21205590479729736,0.03359895085049263,2.31262612324236
-1.3613667588385965,-0.13551367506190884,1.1101230491231344,78.74253256098119
-1.354094564837463,-1.388718711215629,-0.08840644371096544,-6.409932617139499
0.14589881421817458,1.1058930151185065,0.8651770206361566,61.30804911290484
0.12673577030443278,0.7341781299821737,0.86393890409758,61.2634995508556
-0.3289383326157005,0.5436359181025439,0.4402969229244163,31.304560902695524
-0.43308165611363886,-0.011033948529324171,-0.3004391903103853,-21.415745132337904
-0.05704926314956322,0.5299902958460956,-0.06949727769135078,-4.961429064539423
0.30377122637647663,-0.867035525393034,-1.2310851735294612,-87.20170266659466
0.2706032464683683,0.02781914164998324,0.9204526774801102,65.38843595418719
-0.8994549793719552,-0.34136651083127795,0.23310314806544238,16.543214174670148
-0.8112896228532963,0.699418161709838,0.6026243780998495,42.7731515658468
0.6834615760364972,0.3845322649321332,-1.4721649274466537,-104.38540080410799
-1.3808325441401403,-0.7031366116803437,-1.0255391897846506,-72.85745636521901
-2.412704413486381,0.2221781265563861,0.5705917607555444,40.503363165714326
-0.5113281930234571,0.1239169613975108,0.7125217350224613,50.410023074582604
2.5410366081294407,-0.3273008910329634,-1.2160833024677686,-86.02812902570055
-0.8611916924690891,-0.2599913092800857,0.10477269524706564,7.512741641662201
-0.23503923103717497,-0.3502286704764752,1.6437878112081024,116.55534352415013
0.05087574841738488,0.6346104869841752,-0.9224383115074506,-65.38297200756834
-0.3974098324030681,-0.7064740386366315,-0.05067764136504234,-3.6344201722094795
0.0373021777172242,-0.2901518135692392,-0.15495242406032023,-11.051056291916474
-0.09942012587861097,-1.84026180935469,0.14155522911200935,10.1151129829004
2.05130503092115,-0.5059064851557269,0.16703738537813823,11.781041213631841
0.9133821913868658,1.852762498444304,0.8112077339696947,57.55713147257258
0.2563169922648044,-0.12832436271995892,0.5400603942381593,38.33621097180487
-0.6745140812692428,-0.46386073441702114,0.5368875710909418,38.1952559173616
0.6726630102602833,0.8836510444935382,0.15001745967647376,10.77987744330479
-1.4707673409516469,-1.2962920774441555,-1.39845102474807,-99.20198812571272
-0.35661541307129513,-0.9908128636332533,1.021179511731719,72.21714662207842
-0.8423413999557691,0.3382604661036132,0.9631741080000408,68.38724449537858
1.1370042257119197,-0.07664790782769554,1.3053013306824968,92.47251287376301
-0.4094311966395026,-1.107868403467707,-0.856469870030575,-60.59818888435792
0.7961983635373506,2.014341704888034,0.3840237573858266,27.108901441242182
-0.385917632464435,-1.1481124704442298,0.36853667276311963,25.930135122631285
0.009229263598528001,-0.1746817484444784,0.15525235849527985,11.316075944104691
-0.5100803483761491,1.8368441116051881,-0.1168699802667876,-8.2753391018396
-0.3784184302520668,-1.142873997651276,-0.6176800425061545,-43.90829521687063
0.5055443794591635,-1.6232874159603163,-0.059984723285156756,-4.242548471709182
-1.6617530383186545,0.31137325347134137,-1.3383424149115932,-94.94432273216654
-0.11890711283415087,-2.3395852797090733,0.32183849673716264,22.70463525207014
-1.2638781478472494,-0.9977339652499615,0.3746987672274556,26.623098225872916
-0.06592213148311069,-0.6911209722321519,0.7789516601102022,55.370170496183086
1.6426909617699275,0.2904717662935175,1.6835518373227853,119.17702473681541
-0.3407247800495662,-0.9194620389655346,0.26748997383146017,19.00726363443005
-1.2143109426717575,0.9441393543945394,0.2913900054265559,20.75423748714466
3.126151539464274,0.13098888837131004,0.7294017863533504,51.5240726243165
-1.304405442358338,-0.27137706975600967,-0.7230479970523294,-51.066825139302885
-0.517414052027378,-0.06559369612535232,0.7716591807340535,54.81050787164999
1.4333373574937893,-0.9403681378841473,-1.7169773828415322,-121.7453862043641
1.0364054094782544,0.3140090164257241,2.218569953530456,157.22057122070618
-0.5290303333022073,0.2593620017185923,1.1627829689274547,82.44124107696885
-0.7271553962795396,1.4372262448139057,-0.05195298362285748,-3.711267096623208
-0.14174726393906828,0.11329124084826594,0.6454871596369844,45.62489080989925
-1.2429378725322267,-0.8287953599684602,1.6021959968746395,113.50092703991044
0.36230976637866724,0.08804981458626045,0.5814350296745857,41.250100490638715
0.9302030008457866,-0.44803710424296483,-0.21618932424381376,-15.299006810932871
-0.6589918225904378,-0.264747179221267,1.7904708632195654,126.91342393138984
0.2855666306969064,1.2789267061386134,-1.3116598252945304,-93.22901806347963
0.2889594728143884,-0.49629633608613377,-0.2515144738979641,-17.948092260991878
-1.1260435350532967,0.6995298120450443,1.4859950048817994,105.40989357259302
0.5384276823506278,-0.2756364494404484,-2.384126231860389,-168.90282694770025
-1.3127903738009044,-2.2014195987411997,-0.46795663091360845,-33.18096191254725
-0.19072400283427393,-0.2599264901155887,0.3512915229166533,24.820316380271088
-0.9798676557523555,-0.30214615853672694,0.1697751231818643,11.915489459766789
-0.10559017648930406,-0.31620249271574846,0.21090806691032918,15.147415230148713
0.9566852651377196,-0.3976682971526166,-1.5716232551499014,-111.373366322682
0.7581736880425834,-1.065654884695676,0.6934196847340611,49.2333031803349
0.011717238783018995,1.1479114954165093,0.08476142681463711,5.973363360286475
0.7411321720574086,0.1292297815043833,0.05305186696638717,3.712410645961713
1.700348675458416,-0.441267242494501,0.6890014082681857,48.80813112755011
1.0608676101128829,-0.7010000903889053,-0.6132686027618699,-43.521345694040406
0.24889668040561858,0.28476973489468893,-0.14346248442125542,-10.220585580097481
0.2240301063292458,-0.9807429462553376,0.38803760993406555,27.583381940446426
-0.16827453017457544,0.06191209543518664,1.822355332316106,129.15664049900295
1.001068741402358,0.8376005007405892,0.46679738616377603,33.1176301537943
0.2756230338561324,0.534530045447556,-0.7513495781205412,-53.15192886905187
-1.0601877452576431,-1.5016886818228679,-1.2516754470702547,-88.81065235589632
0.1908818966183681,1.2822752109276223,-1.4737984205696881,-104.47240776606235
-1.1743912545041801,-0.15075064367320845,1.1999376851704668,84.88974089207291
0.22768782101851137,-2.512616733669571,-0.06966342362792169,-4.917236875292708
-0.2114558376329243,-0.03064983902585194,-0.2858999235698939,-20.370240555712773
0.09458493128150043,-0.961126791437558,-1.1227404682458084,-79.484834524285
-0.8331595985766147,-1.322523975803622,-2.1816514252010046,-154.6604643907504
-0.2915054748171834,0.5438807508725918,-0.09107110262585857,-6.411441512078376
-2.21153086697785,1.5262429254512615,0.8002766816420397,56.680308158775404
-0.5719357218238303,-2.368852288950261,-0.6775454955732017,-48.07835183724728
0.02028492394916559,-0.9968796312573266,-0.5346936751336973,-37.92366460894647
0.0593017158998919,0.8151552814630767,-0.1209167065646328,-8.60563869164903
0.2814028257121418,1.8944938519186847,0.007277489782149921,0.5360669446768291
0.29680541079284384,1.946935524915535,0.7531585488410394,53.40796486669446
0.7120187495845002,1.2716124479794368,-1.5661121829074156,-110.91639482558308
2.638367968439124,-0.20882556177989053,0.025620449462398158,1.8983679798136897
0.07603700033293835,0.005339264466958517,-0.48143190942067937,-34.39962441384963
-0.09279753375359952,0.9815333201290396,0.2636016409818144,18.564257389043266
-1.889308821272896,-2.968682875790336,1.5519404985766765,110.03018784128376
0.324685434018655,-1.2657705097673135,0.8557509932810373,60.63138776510127
2.7744926895381967,0.5220688106456143,0.555664010849729,39.44480576933929
-0.6371653652041164,-0.7332109915890708,0.4206912049286239,29.72866569770043
0.5216700116099471,1.2888163979611718,-0.7207803136002428,-51.04672859178518
0.016219168876631915,-1.3856264796188966,1.469829504638144,104.26896785697372
0.3625572452621454,-2.2115791763407455,-0.20110940994679094,-14.343141646289325
-0.6634510522427053,1.4208393821023526,-1.1227960679108668,-79.44797699298016
-1.0809582167035148,-1.6211427863445396,0.788825351749295,55.85638730674178
-0.06367283816465576,1.3556024648662743,-0.7942326145345218,-56.29298173476149
1.1100698210242195,0.32860137688450386,0.09996786704619381,7.079871051182006
-0.7597869217057639,0.4972772711501161,1.1102253797786705,78.58877577612003
2.381237975963556,1.6439076824345646,0.8627983387860532,61.12844286305763
-0.6402227055573386,-0.9176631217932809,0.7446862633564195,52.74826875921626
-1.637452307405443,0.370330912343887,1.0037956993524173,71.07135334524641
-2.29082043317547,0.26296255107720196,-1.193405239412613,-84.40927619792514
0.18574879520137888,0.3448236404341717,-1.9327197866613464,-137.14739737524172
-0.4053762694123229,2.1417124026078227,0.03935582126150704,2.8806646453881264
-1.8336145666397679,0.02593177400544657,-2.0023228515643927,-141.92144877013655
0.9637531479028424,0.9635164471460724,-0.2926822363361118,-20.784886584435625
0.6360435719988117,0.8002964132755009,-0.10598188773984052,-7.382232141344603
0.334280469749964,0.3712962462506872,-0.4134885313717625,-29.10309095976389
0.9217567247660519,-0.2183529313357781,1.5165884800889229,107.39170087721635
-0.3590134235707267,-0.514003170798392,0.6130648790722696,43.43514166682043
-0.5767249871481038,-0.3668780752188022,-0.6809980528951389,-48.3293356346104
-0.8906405460386875,1.1136258297148198,0.2762050373720481,19.549284621775296
-2.2207710499513773,0.43778236771019774,0.7691488012835604,54.453088326475005
1.0546498700534785,0.4899698413742725,0.1602795929339689,11.309799705173331
-1.798490161792296,0.2542070615946272,0.9803127858792281,69.4830984829217
-0.6041670541981436,0.8798130212871913,0.38453332341363694,27.384900680786092
0.35008119033060364,-1.5468338004629942,-1.7768539513232717,-125.98872491360832
0.5038240630437227,0.934762451369857,-1.0808531331066664,-76.63027520895025
-0.6403603388907477,2.053746422656364,-0.5040890250990803,-35.708004489682196
-1.5965321317301824,0.8641337419327153,-0.8290760714928528,-58.76682374400105
0.42624966881937715,-0.44138017440783883,0.015460701140629056,1.045416547976088
1.192539003100129,-1.318909698722548,0.5143480657054056,36.68051989517401
-0.28648654537997803,0.15413587384929736,-0.4381478344692897,-31.06596307961855
1.3629312094270651,1.7509250099927354,-1.1362873514812037,-80.6237191061293
-0.40212313560322094,0.9093011709300053,-1.3229825792474423,-93.78898779063087
0.062149107813770386,1.1621797971530239,-0.22058154637592425,-15.678445672083457
0.6018176437084175,-0.2996275744098886,-0.5570015338576837,-39.722170123734045
0.48357836489787986,1.5404638187163557,0.36638352895766724,25.816308339561985
-0.8395536193296708,-0.6327837766712301,-0.2353036209752567,-16.65122880095267
0.9956561322741284,-1.4608608081949082,-0.23985746084864484,-16.90949883979547
-0.12208871535942212,2.0930244146858623,0.7263804301285816,51.38048914845972
1.1694472229195167,-1.3185281288569797,1.1133157672189469,78.91237245278248
-1.1922855390490743,1.1341972760814905,-0.2561713783934607,-18.056631733141977
-0.006587745757545486,2.2348474961697327,0.7238155106119367,51.322824928895976
-0.4625578039022247,-1.740676225433513,0.47736372985865727,33.96527749354278
-0.12633964493028393,0.19850637314743724,-0.5828247598622115,-41.425466970065976
1.0250456278470188,1.1617504935789371,0.1421138174330191,10.027382685569572
-0.06000126265356676,-0.6846657680705837,2.667164728897595,189.09615076694192
2.2629064372601198,-1.0711708415504597,-1.1362175483615349,-80.64786223462616
0.35762942442793894,-0.6841340951207332,-0.2899603405725752,-20.599053919103024
1.4183947308909812,1.1557991978217828,-1.0928899258591098,-77.3942110792209
0.6149430640527616,-1.0018026968173508,-1.047627788867446,-74.27071804646262
0.6590122088087216,-0.9439742798408398,-0.08071361061422412,-5.649301141585234
-0.8627303359548751,-1.6399635901373937,-0.1780827217218306,-12.489831062946685
-0.3910896117088996,-0.7201693607219042,0.42449494292776974,29.86396173354562
1.1454618936527259,0.5609422170372267,0.17559594791508604,12.52548702878862
1.3843164412257356,0.665038569738942,-0.45862166805435506,-32.72325796649676
-0.2708292617842995,0.06559944431691637,-1.1333451652422732,-80.16604431028331
0.6809720913324828,-0.015933004878068036,-0.4597829630417719,-32.47815335886682
0.22811905225014428,-0.3309817354474652,-0.782758181184752,-55.38907270449549
1.660474275023326,0.21412276510938394,-1.0093911353265026,-71.57928077776805
-0.5996167255112207,-0.6300094529764,0.20529780414189627,14.407118970467888
0.22340903265670162,-0.4818240917501653,0.7879451484689673,55.96069997659331
0.9080142582654023,-0.14592933195450042,0.6280845941788963,44.571477985511095
0.7332872113976051,-0.9859891323848109,0.32554684116622096,22.89468009290495
0.7648931933496037,1.3411385803165456,-0.4077062825444624,-28.857210537412236
-0.21229547767901172,-0.11429880315679425,2.116156125271078,149.90026093374016
-1.2404606999953471,0.6963318356078364,-1.3392229216480835,-95.0817960877537
-0.9085583731851404,-0.7035610164948485,0.685665622544138,48.55000938424712
-0.8609558090231684,2.5019609386399746,-0.6279377059680129,-44.45651913861267
1.0456400854109191,-0.6578109092717515,0.4094352808754042,29.01455533924261
-2.137840729330885,0.25687379267488203,-2.3070910798101507,-163.57463244527995
-1.5848318742496517,-0.3044499924769057,0.363015554453819,25.832935857740612
-0.8926685861669833,-0.36692191432223,0.09480278201960524,6.611416067486014
0.4887053974876657,0.857256812862781,1.035213689956208,73.21758438519774
0.49568681558016947,-1.5469664697093317,1.1657779832650617,82.37049179431952
-1.0618842339735823,-0.49174734858409486,-0.24253003323664435,-17.163176272548082
-0.3580684447225683,-0.2798780302958413,-1.1887253013930958,-84.04088081841373
-0.04536761434088825,0.19307588182978003,-0.0062235695547668,-0.4013627683956102
0.48347806550948974,0.35741137040018195,0.1617929908698567,11.572309935948201
-0.42810538744345883,0.4985718964570507,-0.7613770306141256,-53.85800444928273
-0.6869663819550388,-0.5233557901340562,0.7716118884363198,54.603770947206755
-0.6988145400980743,0.6654256541430327,-0.05310308179819113,-3.8876301913100906
-0.6156541060731449,-1.3626173190957191,-0.25972152749674043,-18.486533062903977
-0.8105019855454031,-0.5974642582700144,2.5127852194953904,178.01561853270178
-0.04766477790516123,0.19583106329286373,0.22509023175829143,15.935667885999079
-0.5144918716528744,0.45821588234380367,1.4409687927980992,102.13104098546535
-0.41478545609502965,0.3610209086021653,-0.1941750363239464,-13.724260122086282
-0.31555597023011955,-0.04967310741213095,-0.20888357979954925,-14.727944516837258
-0.2195901292749264,-0.9823795928631393,-0.5454802011868015,-38.66656355356782
-1.564433136099595,-0.20027480444319473,-0.4774019351221989,-33.81180531919928
1.6883314318964007,-0.5675374273123296,-0.08717355744465576,-6.289533682423283
0.6394120129222873,1.2170403850508231,0.9207336377518199,65.3296267994278
0.00795403491224271,0.9484454762752784,-0.11431392767578535,-8.162880343023184
-0.9302541596976103,1.9685370972356464,0.2756921157532541,19.61232952488843
-0.04786928397071865,-0.4814763305915227,-0.49379097123866367,-35.02448083699828
0.055803989499367074,0.7902513149801795,0.8808677972629392,62.46414461310008
0.3798806243637786,-0.2561825710046324,-0.8570050130786818,-60.76024204814422
0.09162267943077965,-1.8687411591119298,0.08322557609508704,6.0001860124609045
1.2745478073533854,1.0975949827719862,-1.4489686263304762,-102.70099080615502
-0.1537668937267092,0.18831576572379727,0.6497712073003725,46.03016045233459
0.10404547134050049,0.5529851559959756,-0.7427150422738422,-52.48394634831928
1.423467290070989,0.4327199845336779,1.482466624161549,105.14121182079546
-0.5004664770310995,1.5346970730835758,-0.9123319608561982,-64.72144901671754
1.442697213983673,-0.9736611090120724,1.5638170284661204,110.79658529006427
-0.15783011322785168,-0.35469112024634697,1.0674602937211886,75.56820902046324
-1.5355398374553606,1.2252589791041688,-0.28640403803502135,-20.277119862736736
1.2709303908250775,0.3413080984722673,-1.179072908402409,-83.58162729956419
0.964374626833547,2.9633129086015635,1.4096149140509842,99.82212379617035
-0.2648284961058007,-1.191749088323395,-0.6795949849267612,-48.21240838267368
-1.8253085500858732,-0.9663391149767184,1.4960733014886438,106.01861276396589
-0.9691528808086488,-0.1571722604868504,-0.4028354568690655,-28.460706323508848
1.4779492800704257,1.595380900238433,0.2863191894484268,20.332555559518074
1.6808229341602205,-1.3508719895499244,-0.6979536029432069,-49.39969043966425
-0.5247380326668853,0.3739327046406286,-0.7427263325917928,-52.69734014969487
-0.37458990521175933,0.12288964966700223,1.1238065510298487,79.673948566519
-0.10066620399545116,1.1439004845341645,-1.4925924141227196,-105.59501888847619
2.0185021813988433,-0.8864451978124029,1.2948602575526271,92.06181943972238
2.1165751758447002,0.8482226572079494,1.2058830610711304,85.53134605720302
-0.6914758731014853,-0.028774544447748948,0.336161089846956,23.907772378104607
-2.375825254444236,1.6586070659359822,1.2219470768168557,86.71586960270453
1.9345114955262002,0.49215092751506856,0.23888023617610235,16.992247232631406
0.5309339114192932,-0.022306129261010495,1.1463985224838356,81.28859020412553
0.30249436023127896,0.16437910832958,-1.5183810368655553,-107.56756801615441
-0.9327929652518474,0.20686017888674346,0.8179679973564166,58.02665893491074
-0.3804617577691077,0.4582107628018193,0.3528032189872407,25.157642627786103
-0.8772580211599892,-2.154905594215852,-1.779572147381214,-126.13236649039384
-1.1630805823443164,0.41616601564353667,0.5397596434983034,38.05514917012757
-0.8299495428914664,1.3158361135736145,-0.3480288287249098,-24.60267719782703
2.581260403115823,-1.2176813789361218,0.9997468121482656,70.88504143830525
0.41036427803253345,-0.10669074443371979,-1.6597451447439333,-117.81850183477538
0.9298906095276701,-1.3085602885270433,1.6278848612492245,115.31438825578482
-0.04771410198575126,-0.5302026264409067,0.7099035215536971,50.39168881027994
0.6441433610887224,-1.7594735413107878,-0.5391159220684105,-38.09503603304998
0.16621555753050754,-0.4629789632431256,1.2766845338009714,90.50899209148014
-0.7534240933126696,1.184975633666355,-0.7472195355085638,-52.93139795566009
0.2653717628197184,1.1113813203039782,-0.20810556744434774,-14.795402885663592
0.27605982741752133,0.43592274152466515,0.6643487697953191,46.95250457881869
1.0848861155071436,0.9468661699663292,-0.34082331585114506,-24.21942661642383
0.523702372834165,-0.7265209530433293,1.392888110328292,98.80063478372082
-0.14466115562173001,-1.4957828399051267,-1.174032494112307,-83.10988291160832
0.40940468714962247,1.889806359788018,0.8015715152110083,56.8232727745315
-0.1349613540666207,0.36679761436555847,-1.4110706778189832,-100.07618628920842
0.2152511630442249,1.4871974226566895,0.6150069722981856,43.59679121471123
0.6872935751891517,2.0484569086378546,-0.26594728194351275,-18.77223519222973
-2.406515815575698,0.5098957983733251,1.1033282368599575,78.2338127186593
0.051284818020507716,0.43871659793718204,1.164345887621659,82.48557627126151
2.799503603126048,1.8033038380009168,1.6597866308856561,117.73956438714542
0.8068509516056028,0.06555597172250528,-1.9395688620288785,-137.54918578471796
0.09517924687049055,-0.6606089918611098,-1.1402155875626891,-80.93048188485967
-0.02067098483091724,-0.021780922495368404,-0.7885422347611365,-55.89909572293558
-0.3758653841206241,-1.337480092444269,-0.5528189748516978,-39.25956836051242
2.084693856674394,0.7651689964029746,0.24900551502120627,17.791695703848216
-0.9641160821233333,-0.8144354634946177,-1.2238306570214577,-86.95595184368322
1.568329561507527,-0.7785492798611793,1.1497316200894883,81.58551847007656
-1.3291292523201794,-1.5403998803787495,1.1677538841965538,82.89110140056891
0.7565480292446943,-0.8592313626352994,-0.13343952251431465,-9.620348883610784
-0.6719865779463751,0.33112813893710036,0.17752856711662585,12.607410395983264
-0.9989800385002133,0.3124001702287601,-1.3656418350027837,-96.78537591074482
-0.041560659828013165,-0.16786961977796971,-0.31768759070233815,-22.56876417219243
0.4078858776378961,0.5093697908679258,1.4045029825941049,99.65225724758388
-0.48129523639764954,0.8338872733035138,-0.43146828527046294,-30.656710340108294
-0.6082866919214924,-1.0483479728272183,0.007628225209132828,0.5407818910039492
-0.3048857312074602,0.2215522588805194,0.8771278123690305,61.98191797517089
0.4669840706637252,-2.000985530761237,-0.18463153792218284,-12.995826663816162
0.6369557114801185,-0.5743621153137386,-0.8172174703462082,-57.833316888323445
-0.5300147830484935,2.0276557123032894,0.4394361668507836,31.14362472696153
-0.2091701185457682,-0.4305838003529841,0.746375868208623,53.12590214976142
-0.47868239695449766,-0.15742929463765745,-0.20399373602702647,-14.420343904726304
-0.5102646951863024,-0.23321488551644645,0.6163235463122617,43.95678413893693
0.07828995534884678,0.10598960769300926,-1.6909013931765795,-119.78783789931198
-0.9221519666086035,1.0082555367856711,-0.49543764536339013,-34.990722554185616
-0.45450612177082217,0.4970493578065917,1.8253133909247687,129.59012040771057
-1.0501665827579796,0.26740661335022986,0.36724913666637804,26.056194654496668
-0.595576629887934,0.5857667687512906,0.20199173313892538,14.275090252203452
-0.6360020092499782,1.3009446219096756,0.4983179052346161,35.32164955412252
0.06029631013384579,0.3918289091023975,-0.48412336599061123,-34.3212853476432
-0.5912809851416201,0.8111554648488296,-0.990290054382388,-69.97080677366662
-0.6233496683754712,-0.7589918281936726,-0.05622209276208305,-3.8783021913996487
-0.34146030642492853,0.42455900819692116,-0.27930299194957425,-19.794961509855195
-1.5088638402153225,-1.5206802123142842,-0.8519111727143683,-60.38463853671299
0.3765195075804835,0.2323856533351638,0.8055596392804231,57.308175000220864
-0.43153500306664905,0.45642750129883386,1.5820574877469518,112.15446116911549
0.454606590014988,1.2967971820833954,0.31159088775537797,22.066217631795745
1.519175806412383,0.1839542081884765,-1.0407962956385712,-73.87106232383344
1.1352566236159116,-0.1573737603197118,-0.37046176170423845,-26.186164625058364
-0.33252399277483163,1.545231168719961,-1.712816047384697,-121.21682502647282
-0.1439640661068046,1.291597495089928,0.6058629158693313,42.72003830587753
0.5521174423843973,1.478437772042594,1.1845100052790516,83.95505623934433
0.9262368243404187,0.7597753649219228,0.8324305433797953,58.98761448835154
0.25869699601379836,-0.40565750051362626,0.2610184011918244,18.528200211524222
-0.4559070616084795,-0.7175607263445342,1.5778307205515838,111.70466391022357
-1.0058619270848472,-0.0667878357924802,0.692071466400614,48.91450303308496
-0.42690209093095016,2.5912868087930647,0.17080734822460567,12.141634375762491
-0.5026030457857982,-0.8990456945937847,0.701272826366831,49.602585327465505
-1.6734118862821816,-0.6437992755096789,0.005573599404939905,0.28244686708849337
0.33397304185329046,0.20370432111017528,0.09396642115284415,6.68704351756125
1.2177930014670788,0.9740599537812618,0.09976111549474691,7.0012907676178955
-0.30572847107160994,-0.9097471216541864,0.1806431082010625,12.92898130443111
-0.1750526505580498,0.04092637192357804,-0.12348583030058673,-8.798806085969701
